Timestamp,Please select a character to submit matchup data for.,What is your approximate skill level?,What is your tag?,Bowser,Captain Falcon,Charizard,Diddy Kong,Donkey Kong,Falco,Fox,Ganondorf,Ice Climbers,Ike,Ivysaur,Jigglypuff,King Dedede,Kirby,Knuckles,Link,Lucario,Lucas,Luigi,Mario,Marth,Meta Knight,Mewtwo,Mr. Game and Watch,Ness,Olimar,Peach,Pikachu,Pit,R.O.B.,Roy,Samus,Sheik,Snake,Sonic,Squirtle,Toon Link,Wario,Wolf,Yoshi,Zelda,Zero Suit Samus,"I attest that the data I am submitting is my actual opinion, and I am not submitting junk data to cause a headache."
9/22/2023 14:13:43,Link,Intermediate (I have participated in multiple tournaments),Kosp,60:40,40:60,55:45,55:45,45:55,55:45,45:55,60:40,60:40,50:50,55:45,70:30,60:40,55:45,50:50,50:50,45:55,45:55,70:30,55:45,50:50,50:50,55:45,60:40,55:45,50:50,60:40,50:50,60:40,55:45,55:45,60:40,40:60,55:45,45:55,,50:50,40:60,40:60,50:50,60:40,45:55,Yes
9/22/2023 14:21:53,Ike,Top Player (I have won regional or larger sized tournaments),Blitz,60:40,55:45,55:45,50:50,50:50,55:45,55:45,60:40,60:40,50:50,50:50,60:40,50:50,45:55,50:50,50:50,55:45,55:45,60:40,50:50,50:50,50:50,60:40,60:40,55:45,60:40,60:40,55:45,55:45,55:45,55:45,60:40,40:60,55:45,45:55,45:55,50:50,55:45,50:50,60:40,60:40,45:55,Yes
9/22/2023 14:24:53,Donkey Kong,Intermediate (I have participated in multiple tournaments),Karamel,50:50,50:50,55:45,55:45,50:50,55:45,50:50,50:50,,55:45,55:45,50:50,50:50,,50:50,,,50:50,,55:45,45:55,45:55,50:50,50:50,,55:45,,55:45,,50:50,50:50,,40:60,45:55,50:50,50:50,50:50,55:45,50:50,,40:60,50:50,Yes
9/22/2023 14:26:54,Zelda,High Level (I regularly make it out of pools in tournaments),slughugs,60:40,40:60,45:55,55:45,50:50,45:55,30:70,55:45,80:20,40:60,40:60,60:40,40:60,55:45,45:55,45:55,50:50,50:50,70:30,60:40,50:50,45:55,40:60,50:50,55:45,60:40,60:40,40:60,50:50,50:50,55:45,60:40,40:60,60:40,45:55,40:60,50:50,50:50,45:55,,50:50,45:55,Yes
9/22/2023 14:27:05,Ivysaur,Top Player (I have won regional or larger sized tournaments),Sabre,60:40,40:60,55:45,50:50,50:50,40:60,40:60,60:40,55:45,50:50,50:50,60:40,60:40,55:45,45:55,50:50,45:55,45:55,55:45,50:50,45:55,45:55,45:55,55:45,55:45,55:45,60:40,55:45,50:50,50:50,55:45,50:50,45:55,55:45,40:60,45:55,45:55,50:50,40:60,50:50,55:45,45:55,Yes
9/22/2023 14:37:29,Meta Knight,Top Player (I have won regional or larger sized tournaments),krumpberry,60:40,60:40,55:45,50:50,45:55,55:45,45:55,50:50,55:45,50:50,55:45,60:40,60:40,60:40,45:55,55:45,50:50,50:50,60:40,50:50,55:45,50:50,50:50,55:45,55:45,60:40,60:40,60:40,55:45,60:40,55:45,55:45,55:45,55:45,50:50,60:40,60:40,55:45,55:45,60:40,55:45,55:45,Yes
9/22/2023 14:47:36,Peach,Intermediate (I have participated in multiple tournaments),sweatpants ,70:30,55:45,30:70,60:40,,,40:60,,80:20,20:80,60:40,40:60,45:55,60:40,30:70,20:80,55:45,45:55,,55:45,20:80,30:70,20:80,,,,40:60,,30:70,40:60,60:40,,50:50,,30:70,30:70,20:80,60:40,40:60,,,30:70,Yes
9/22/2023 14:51:27,Ness,Intermediate (I have participated in multiple tournaments),PhoenixWrong,55:45,45:55,55:45,50:50,45:55,55:45,50:50,50:50,45:55,40:60,50:50,,,,45:55,,,50:50,50:50,45:55,45:55,40:60,,,,,,,50:50,50:50,45:55,50:50,45:55,50:50,50:50,,,50:50,45:55,,,,Yes
9/22/2023 14:56:35,Marth,Top Player (I have won regional or larger sized tournaments),Jonsch,70:30,40:60,40:60,55:45,60:40,60:40,55:45,70:30,45:55,45:55,60:40,60:40,30:70,60:40,60:40,60:40,60:40,70:30,60:40,50:50,50:50,55:45,50:50,70:30,70:30,70:30,60:40,60:40,50:50,55:45,60:40,60:40,40:60,70:30,70:30,70:30,60:40,60:40,50:50,55:45,60:40,20:80,Yes
9/22/2023 15:03:15,Wolf,Intermediate (I have participated in multiple tournaments),ne0,60:40,60:40,60:40,50:50,45:55,40:60,40:60,60:40,55:45,50:50,50:50,,55:45,,,50:50,,,,,45:55,45:55,50:50,55:45,,,55:45,50:50,,,,50:50,,55:45,50:50,,,,50:50,60:40,,,Yes
9/22/2023 15:21:48,Wolf,Intermediate (I have participated in multiple tournaments),DaftZeppelin,60:40,55:45,60:40,55:45,55:45,45:55,40:60,60:40,55:45,60:40,70:30,60:40,70:30,60:40,55:45,60:40,55:45,55:45,60:40,55:45,55:45,50:50,55:45,60:40,70:30,60:40,55:45,,55:45,60:40,70:30,55:45,60:40,60:40,55:45,70:30,70:30,55:45,50:50,,60:40,55:45,Yes
9/22/2023 15:36:38,Wolf,Intermediate (I have participated in multiple tournaments),Theft,70:30,60:40,70:30,60:40,,50:50,45:55,60:40,50:50,60:40,60:40,50:50,60:40,60:40,55:45,55:45,55:45,55:45,60:40,50:50,50:50,50:50,50:50,55:45,55:45,55:45,55:45,,60:40,55:45,50:50,,55:45,60:40,50:50,55:45,60:40,50:50,50:50,50:50,60:40,55:45,Yes
9/22/2023 16:14:45,Falco,Top Player (I have won regional or larger sized tournaments),Ivayne,60:40,60:40,,50:50,55:45,50:50,50:50,55:45,50:50,55:45,60:40,50:50,55:45,50:50,55:45,60:40,60:40,60:40,60:40,50:50,40:60,45:55,45:55,60:40,60:40,50:50,50:50,60:40,60:40,50:50,50:50,55:45,50:50,55:45,50:50,55:45,60:40,50:50,55:45,55:45,50:50,45:55,Yes
9/22/2023 16:18:44,Squirtle,Top Player (I have won regional or larger sized tournaments),fskin,60:40,50:50,50:50,55:45,45:55,55:45,40:60,60:40,55:45,55:45,55:45,60:40,60:40,55:45,50:50,50:50,55:45,45:55,50:50,45:55,40:60,40:60,55:45,50:50,55:45,50:50,60:40,45:55,55:45,55:45,45:55,50:50,55:45,60:40,50:50,50:50,55:45,55:45,45:55,40:60,50:50,45:55,Yes
9/22/2023 17:04:33,Link,Intermediate (I have participated in multiple tournaments),Zushi,60:40,30:70,60:40,40:60,50:50,40:60,30:70,60:40,55:45,50:50,50:50,70:30,60:40,60:40,50:50,50:50,45:55,45:55,70:30,45:55,50:50,30:70,50:50,60:40,60:40,,60:40,50:50,55:45,50:50,55:45,55:45,30:70,,40:60,40:60,55:45,,40:60,,55:45,40:60,Yes
9/22/2023 17:08:14,King Dedede,High Level (I regularly make it out of pools in tournaments),Mulldrifter,40:60,30:70,50:50,40:60,40:60,20:80,60:40,45:55,20:80,70:30,40:60,70:30,50:50,45:55,40:60,30:70,40:60,30:70,70:30,40:60,60:40,45:55,60:40,30:70,40:60,45:55,60:40,40:60,60:40,40:60,50:50,70:30,40:60,45:55,30:70,30:70,40:60,,30:70,60:40,60:40,45:55,Yes
9/22/2023 17:22:24,King Dedede,Intermediate (I have participated in multiple tournaments),BlabAlongGuy,50:50,40:60,60:40,30:70,45:55,40:60,40:60,45:55,30:70,55:45,40:60,60:40,50:50,60:40,40:60,45:55,30:70,30:70,50:50,30:70,50:50,40:60,50:50,40:60,50:50,55:45,50:50,40:60,40:60,50:50,60:40,60:40,40:60,50:50,40:60,40:60,45:55,45:55,40:60,50:50,50:50,40:60,Yes
9/22/2023 18:13:57,Ike,Intermediate (I have participated in multiple tournaments),Jon Jones,60:40,55:45,55:45,55:45,50:50,45:55,50:50,60:40,55:45,50:50,60:40,70:30,55:45,50:50,45:55,55:45,45:55,55:45,60:40,50:50,50:50,45:55,55:45,55:45,55:45,55:45,60:40,50:50,55:45,60:40,55:45,60:40,40:60,55:45,45:55,45:55,55:45,55:45,40:60,60:40,80:20,40:60,Yes
9/22/2023 18:14:49,Roy,Intermediate (I have participated in multiple tournaments),AmPm,40:60,45:55,30:70,50:50,40:60,50:50,50:50,40:60,55:45,40:60,40:60,70:30,20:80,45:55,45:55,45:55,55:45,50:50,55:45,45:55,45:55,40:60,50:50,55:45,50:50,60:40,45:55,60:40,45:55,40:60,50:50,55:45,45:55,40:60,45:55,55:45,,45:55,40:60,55:45,40:60,45:55,Yes
9/22/2023 19:08:11,Zero Suit Samus,Top Player (I have won regional or larger sized tournaments),Malachi,60:40,55:45,55:45,60:40,40:60,60:40,45:55,55:45,55:45,55:45,55:45,55:45,60:40,55:45,55:45,55:45,50:50,60:40,55:45,45:55,55:45,50:50,60:40,60:40,60:40,60:40,60:40,55:45,60:40,60:40,60:40,60:40,45:55,60:40,50:50,55:45,60:40,50:50,55:45,55:45,60:40,50:50,Yes
9/22/2023 19:20:27,Ivysaur,Intermediate (I have participated in multiple tournaments),Legonro,70:30,60:40,,,,,,,70:30,,50:50,,,,,,,,,,50:50,,,,,,,,,,60:40,,,,,,,,,,,,Yes
9/22/2023 19:41:15,Link,Intermediate (I have participated in multiple tournaments),Theft,45:55,40:60,,55:45,50:50,40:60,40:60,50:50,55:45,50:50,55:45,70:30,50:50,55:45,45:55,50:50,45:55,40:60,55:45,50:50,45:55,45:55,55:45,60:40,55:45,55:45,60:40,,50:50,50:50,55:45,,45:55,50:50,40:60,,45:55,55:45,40:60,50:50,60:40,45:55,Yes
9/22/2023 19:44:17,Ike,High Level (I regularly make it out of pools in tournaments),Shadrake,55:45,50:50,50:50,50:50,50:50,45:55,45:55,55:45,55:45,50:50,55:45,70:30,55:45,45:55,45:55,50:50,45:55,45:55,70:30,50:50,40:60,50:50,55:45,50:50,55:45,55:45,70:30,50:50,45:55,50:50,50:50,70:30,40:60,55:45,45:55,45:55,50:50,55:45,45:55,60:40,70:30,45:55,Yes
9/22/2023 19:51:59,Ike,High Level (I regularly make it out of pools in tournaments),Your Face,60:40,50:50,55:45,45:55,55:45,40:60,40:60,60:40,50:50,50:50,60:40,60:40,55:45,45:55,45:55,55:45,45:55,45:55,45:55,55:45,45:55,40:60,40:60,55:45,60:40,55:45,55:45,45:55,55:45,55:45,55:45,55:45,45:55,45:55,40:60,45:55,45:55,55:45,40:60,55:45,60:40,45:55,Yes
9/22/2023 20:11:38,Zero Suit Samus,High Level (I regularly make it out of pools in tournaments),GooSluj,60:40,45:55,60:40,50:50,50:50,45:55,40:60,60:40,60:40,60:40,55:45,55:45,60:40,55:45,55:45,55:45,50:50,50:50,55:45,55:45,60:40,45:55,50:50,55:45,55:45,55:45,55:45,55:45,55:45,60:40,55:45,60:40,45:55,55:45,50:50,55:45,55:45,50:50,45:55,60:40,55:45,50:50,Yes
9/22/2023 20:13:35,Fox,Intermediate (I have participated in multiple tournaments),Plant God,70:30,60:40,,50:50,55:45,45:55,50:50,70:30,55:45,55:45,55:45,60:40,60:40,55:45,,60:40,50:50,55:45,60:40,55:45,45:55,40:60,50:50,45:55,60:40,55:45,60:40,55:45,60:40,50:50,45:55,50:50,55:45,55:45,50:50,,,45:55,55:45,,,,Yes
9/22/2023 20:35:13,Olimar,Top Player (I have won regional or larger sized tournaments),~CP9~,70:30,30:70,45:55,50:50,55:45,30:70,30:70,60:40,40:60,30:70,55:45,70:30,60:40,60:40,50:50,40:60,50:50,55:45,70:30,45:55,30:70,30:70,40:60,60:40,60:40,50:50,60:40,45:55,45:55,45:55,40:60,60:40,30:70,80:20,30:70,55:45,50:50,55:45,30:70,45:55,60:40,40:60,Yes
9/22/2023 20:46:07,Roy,Intermediate (I have participated in multiple tournaments),Tater,,50:50,,,40:60,,55:45,50:50,,50:50,,,30:70,,,,,55:45,,45:55,50:50,50:50,,,60:40,,,,,,,,50:50,40:60,,,,,,40:60,,40:60,Yes
9/22/2023 21:06:46,Ivysaur,High Level (I regularly make it out of pools in tournaments),BUH,70:30,30:70,60:40,55:45,40:60,50:50,30:70,60:40,55:45,40:60,50:50,60:40,70:30,40:60,40:60,40:60,45:55,45:55,70:30,40:60,50:50,40:60,40:60,60:40,55:45,55:45,50:50,50:50,45:55,50:50,60:40,55:45,55:45,60:40,55:45,45:55,45:55,40:60,45:55,60:40,60:40,40:60,Yes
9/22/2023 21:09:10,Yoshi,Top Player (I have won regional or larger sized tournaments),Shiny Zubat,50:50,55:45,20:80,45:55,30:70,40:60,50:50,50:50,40:60,30:70,60:40,50:50,60:40,55:45,40:60,40:60,30:70,50:50,70:30,50:50,60:40,40:60,30:70,80:20,50:50,50:50,40:60,50:50,50:50,40:60,45:55,40:60,40:60,55:45,50:50,70:30,50:50,40:60,40:60,50:50,45:55,30:70,Yes
9/22/2023 21:18:15,Roy,High Level (I regularly make it out of pools in tournaments),Atari,30:70,40:60,30:70,45:55,40:60,55:45,50:50,40:60,55:45,50:50,50:50,55:45,40:60,45:55,45:55,50:50,40:60,60:40,50:50,45:55,45:55,50:50,40:60,55:45,55:45,50:50,55:45,60:40,50:50,45:55,,55:45,45:55,45:55,45:55,50:50,55:45,40:60,45:55,40:60,45:55,40:60,Yes
9/22/2023 21:22:10,Zero Suit Samus,Intermediate (I have participated in multiple tournaments),deft,60:40,55:45,60:40,60:40,55:45,55:45,40:60,60:40,60:40,60:40,,60:40,60:40,50:50,55:45,55:45,55:45,55:45,60:40,55:45,55:45,45:55,60:40,55:45,60:40,55:45,55:45,60:40,60:40,60:40,70:30,60:40,40:60,60:40,55:45,55:45,60:40,55:45,45:55,50:50,60:40,50:50,Yes
9/22/2023 21:50:51,Link,Top Player (I have won regional or larger sized tournaments),Blue,60:40,40:60,55:45,50:50,45:55,40:60,40:60,50:50,50:50,50:50,55:45,60:40,60:40,55:45,45:55,50:50,50:50,40:60,70:30,45:55,50:50,45:55,55:45,60:40,55:45,55:45,55:45,50:50,50:50,50:50,50:50,60:40,40:60,50:50,40:60,55:45,45:55,50:50,40:60,50:50,55:45,45:55,Yes
9/22/2023 21:51:20,Ice Climbers,High Level (I regularly make it out of pools in tournaments),Entropy,70:30,40:60,70:30,70:30,55:45,45:55,50:50,50:50,50:50,45:55,55:45,45:55,60:40,60:40,55:45,55:45,40:60,60:40,40:60,55:45,40:60,40:60,30:70,55:45,60:40,55:45,50:50,70:30,60:40,40:60,55:45,40:60,70:30,55:45,30:70,60:40,45:55,80:20,40:60,45:55,30:70,30:70,Yes
9/22/2023 21:52:11,Captain Falcon,High Level (I regularly make it out of pools in tournaments),Fury,70:30,50:50,70:30,55:45,60:40,45:55,30:70,70:30,80:20,55:45,55:45,60:40,70:30,60:40,55:45,55:45,60:40,55:45,60:40,60:40,50:50,30:70,55:45,60:40,60:40,60:40,55:45,60:40,60:40,60:40,55:45,70:30,30:70,55:45,70:30,55:45,70:30,55:45,45:55,70:30,80:20,50:50,Yes
9/22/2023 21:54:11,Peach,High Level (I regularly make it out of pools in tournaments),Cyphr,60:40,40:60,55:45,55:45,50:50,60:40,50:50,40:60,70:30,40:60,45:55,45:55,60:40,60:40,45:55,40:60,50:50,55:45,60:40,55:45,40:60,40:60,45:55,60:40,60:40,50:50,50:50,60:40,55:45,50:50,55:45,60:40,40:60,55:45,,55:45,50:50,55:45,50:50,60:40,55:45,40:60,Yes
9/22/2023 21:54:47,Sheik,High Level (I regularly make it out of pools in tournaments),Entropy,60:40,55:45,60:40,60:40,55:45,55:45,45:55,60:40,30:70,60:40,60:40,55:45,60:40,,50:50,60:40,45:55,60:40,60:40,45:55,55:45,55:45,45:55,55:45,60:40,55:45,55:45,60:40,60:40,60:40,60:40,60:40,50:50,55:45,,45:55,60:40,55:45,40:60,55:45,60:40,55:45,Yes
9/22/2023 22:14:04,Captain Falcon,High Level (I regularly make it out of pools in tournaments),DMG,60:40,50:50,55:45,50:50,55:45,40:60,40:60,60:40,60:40,60:40,60:40,55:45,60:40,60:40,55:45,55:45,55:45,55:45,60:40,55:45,50:50,40:60,50:50,55:45,60:40,60:40,60:40,55:45,60:40,55:45,60:40,55:45,40:60,60:40,55:45,60:40,60:40,55:45,45:55,60:40,60:40,55:45,Yes
9/22/2023 22:44:45,Meta Knight,Intermediate (I have participated in multiple tournaments),Repeat,70:30,60:40,,,,50:50,50:50,60:40,55:45,55:45,,,,,,,,55:45,,40:60,50:50,50:50,,,55:45,,,,,,55:45,,,,,50:50,60:40,45:55,50:50,,55:45,50:50,Yes
9/22/2023 23:03:43,Ike,Intermediate (I have participated in multiple tournaments),Zerito,,50:50,55:45,45:55,45:55,40:60,45:55,55:45,55:45,50:50,50:50,60:40,55:45,45:55,,45:55,,,60:40,45:55,,45:55,,,60:40,,55:45,,,,,,,55:45,,,,,45:55,,60:40,,Yes
9/22/2023 23:23:16,Luigi,High Level (I regularly make it out of pools in tournaments),Dyl,30:70,40:60,40:60,60:40,30:70,40:60,40:60,45:55,80:20,30:70,60:40,60:40,40:60,50:50,,30:70,60:40,50:50,50:50,55:45,40:60,45:55,55:45,30:70,60:40,40:60,50:50,40:60,60:40,55:45,60:40,45:55,45:55,55:45,60:40,50:50,45:55,,45:55,,45:55,50:50,Yes
9/22/2023 23:25:11,Link,High Level (I regularly make it out of pools in tournaments),Vin Lee (more commonly known as Flashfrost),60:40,40:60,50:50,50:50,45:55,40:60,30:70,60:40,55:45,40:60,50:50,70:30,60:40,55:45,55:45,50:50,50:50,50:50,70:30,45:55,50:50,40:60,60:40,60:40,55:45,50:50,55:45,40:60,60:40,50:50,50:50,55:45,30:70,55:45,40:60,55:45,55:45,50:50,40:60,55:45,60:40,30:70,Yes
9/22/2023 23:26:44,Bowser,Intermediate (I have participated in multiple tournaments),Deor,50:50,30:70,45:55,,55:45,40:60,50:50,45:55,20:80,45:55,40:60,40:60,50:50,40:60,,30:70,50:50,30:70,50:50,50:50,50:50,40:60,40:60,40:60,40:60,,45:55,,,40:60,55:45,45:55,30:70,40:60,40:60,40:60,30:70,30:70,45:55,40:60,40:60,40:60,Yes
9/22/2023 23:41:20,Snake,Intermediate (I have participated in multiple tournaments),ilikepizza107 ,60:40,45:55,50:50,45:55,45:55,55:45,50:50,50:50,45:55,45:55,50:50,45:55,55:45,50:50,50:50,50:50,45:55,40:60,50:50,50:50,45:55,40:60,50:50,55:45,55:45,50:50,55:45,50:50,50:50,50:50,55:45,55:45,45:55,50:50,45:55,50:50,50:50,45:55,45:55,50:50,45:55,50:50,Yes
9/22/2023 23:53:44,Fox,High Level (I regularly make it out of pools in tournaments),jhamp,40:60,50:50,45:55,55:45,50:50,45:55,50:50,55:45,50:50,45:55,55:45,55:45,50:50,60:40,50:50,55:45,55:45,60:40,60:40,50:50,40:60,45:55,50:50,55:45,50:50,60:40,55:45,50:50,60:40,50:50,55:45,55:45,55:45,60:40,50:50,55:45,60:40,45:55,50:50,55:45,60:40,50:50,Yes
9/23/2023 0:02:28,Link,Intermediate (I have participated in multiple tournaments),Trip,55:45,30:70,50:50,55:45,40:60,40:60,40:60,50:50,55:45,55:45,50:50,55:45,50:50,45:55,40:60,50:50,45:55,40:60,55:45,50:50,50:50,40:60,55:45,55:45,55:45,50:50,55:45,55:45,55:45,50:50,45:55,55:45,40:60,55:45,45:55,45:55,50:50,50:50,40:60,50:50,50:50,40:60,Yes
9/23/2023 0:28:00,Jigglypuff,High Level (I regularly make it out of pools in tournaments),SgtPingwen,55:45,50:50,45:55,45:55,45:55,50:50,30:70,55:45,50:50,40:60,50:50,50:50,55:45,40:60,40:60,30:70,50:50,45:55,60:40,40:60,40:60,40:60,30:70,30:70,40:60,50:50,60:40,50:50,45:55,45:55,55:45,60:40,55:45,50:50,40:60,40:60,30:70,50:50,40:60,55:45,50:50,40:60,Yes
9/23/2023 0:31:40,Link,High Level (I regularly make it out of pools in tournaments),Link,60:40,40:60,50:50,50:50,45:55,50:50,30:70,60:40,55:45,45:55,55:45,70:30,60:40,60:40,50:50,50:50,50:50,40:60,70:30,40:60,45:55,40:60,55:45,60:40,55:45,55:45,70:30,50:50,55:45,45:55,50:50,60:40,40:60,50:50,40:60,45:55,45:55,50:50,30:70,50:50,60:40,40:60,Yes
9/23/2023 0:36:03,Mewtwo,High Level (I regularly make it out of pools in tournaments),Burt,70:30,40:60,70:30,,45:55,70:30,50:50,50:50,80:20,40:60,,80:20,,,45:55,40:60,50:50,40:60,,60:40,50:50,50:50,50:50,60:40,60:40,,,,40:60,,45:55,,60:40,70:30,60:40,60:40,30:70,55:45,45:55,,60:40,40:60,Yes
9/23/2023 1:09:52,Captain Falcon,Intermediate (I have participated in multiple tournaments),#1FalcoHater,,,,,,50:50,60:40,,,,,,,,,,,,,,,,,,,,,,,,,,,,,,,,,,,,Yes
9/23/2023 1:38:17,Squirtle,High Level (I regularly make it out of pools in tournaments),Plate,55:45,50:50,45:55,50:50,30:70,45:55,30:70,45:55,20:80,50:50,60:40,70:30,45:55,50:50,40:60,30:70,40:60,45:55,50:50,45:55,30:70,30:70,40:60,40:60,45:55,45:55,60:40,50:50,55:45,60:40,45:55,60:40,50:50,45:55,40:60,50:50,40:60,40:60,70:30,30:70,50:50,45:55,Yes
9/23/2023 3:44:17,Wario,High Level (I regularly make it out of pools in tournaments),malk (malkasaur on discord),60:40,50:50,45:55,50:50,45:55,50:50,45:55,60:40,30:70,,40:60,,60:40,45:55,50:50,55:45,45:55,55:45,60:40,50:50,40:60,45:55,40:60,60:40,60:40,45:55,60:40,50:50,50:50,60:40,50:50,60:40,50:50,60:40,40:60,55:45,55:45,50:50,45:55,60:40,60:40,45:55,Yes
9/23/2023 5:29:45,Squirtle,Top Player (I have won regional or larger sized tournaments),Cloudburst,70:30,60:40,70:30,55:45,50:50,55:45,40:60,70:30,50:50,60:40,60:40,60:40,70:30,55:45,55:45,45:55,55:45,50:50,60:40,45:55,55:45,45:55,60:40,60:40,40:60,50:50,60:40,55:45,40:60,50:50,55:45,60:40,55:45,60:40,55:45,50:50,40:60,55:45,55:45,30:70,55:45,45:55,Yes
9/23/2023 9:21:38,Captain Falcon,High Level (I regularly make it out of pools in tournaments),Studebacher Hoch,70:30,50:50,60:40,60:40,50:50,45:55,40:60,60:40,70:30,55:45,70:30,55:45,60:40,70:30,55:45,55:45,50:50,60:40,70:30,55:45,50:50,40:60,55:45,60:40,60:40,60:40,70:30,70:30,60:40,60:40,60:40,70:30,30:70,60:40,45:55,50:50,70:30,55:45,45:55,50:50,70:30,50:50,Yes
9/23/2023 9:56:47,R.O.B.,Intermediate (I have participated in multiple tournaments),Montblanc,60:40,40:60,,50:50,45:55,50:50,45:55,45:55,60:40,60:40,60:40,60:40,50:50,55:45,45:55,45:55,50:50,45:55,50:50,45:55,45:55,40:60,45:55,40:60,55:45,50:50,45:55,45:55,40:60,50:50,60:40,70:30,40:60,45:55,50:50,45:55,50:50,50:50,40:60,55:45,45:55,40:60,Yes
9/23/2023 10:24:45,Snake,Intermediate (I have participated in multiple tournaments),CaptainPlanetWithMetalArms,70:30,45:55,50:50,50:50,60:40,55:45,40:60,60:40,40:60,50:50,50:50,70:30,55:45,45:55,40:60,50:50,40:60,45:55,70:30,50:50,45:55,40:60,45:55,60:40,50:50,60:40,50:50,50:50,50:50,55:45,45:55,50:50,40:60,50:50,30:70,45:55,50:50,50:50,45:55,55:45,50:50,45:55,Yes
9/23/2023 11:11:05,Sonic,Intermediate (I have participated in multiple tournaments),Dan,60:40,55:45,60:40,60:40,55:45,55:45,50:50,70:30,,,,70:30,,,,,,,55:45,50:50,55:45,45:55,,,,,60:40,,,,,,45:55,,,,,,45:55,,,,Yes
9/23/2023 11:11:20,Sonic,Intermediate (I have participated in multiple tournaments),Champior,60:40,40:60,60:40,55:45,55:45,40:60,30:70,70:30,40:60,60:40,55:45,60:40,70:30,60:40,45:55,60:40,60:40,30:70,60:40,30:70,45:55,60:40,60:40,55:45,55:45,50:50,55:45,55:45,60:40,55:45,50:50,50:50,40:60,60:40,50:50,55:45,60:40,60:40,45:55,55:45,50:50,40:60,Yes
9/23/2023 12:01:30,Mario,High Level (I regularly make it out of pools in tournaments),Loyal,70:30,45:55,55:45,60:40,60:40,40:60,40:60,30:70,40:60,50:50,50:50,60:40,60:40,60:40,45:55,45:55,60:40,55:45,45:55,50:50,40:60,55:45,30:70,55:45,60:40,60:40,45:55,55:45,55:45,45:55,45:55,45:55,40:60,55:45,60:40,55:45,45:55,45:55,40:60,60:40,40:60,45:55,Yes
9/23/2023 12:09:43,Wario,Intermediate (I have participated in multiple tournaments),Nolra,60:40,50:50,50:50,55:45,45:55,50:50,45:55,60:40,30:70,50:50,40:60,45:55,60:40,45:55,50:50,55:45,45:55,55:45,60:40,50:50,40:60,40:60,40:60,55:45,60:40,45:55,60:40,55:45,55:45,55:45,55:45,60:40,50:50,55:45,40:60,55:45,55:45,50:50,40:60,60:40,60:40,40:60,Yes
9/23/2023 12:15:35,Donkey Kong,Intermediate (I have participated in multiple tournaments),Nolra,50:50,50:50,50:50,50:50,50:50,45:55,50:50,50:50,30:70,50:50,,,,60:40,,55:45,,,60:40,40:60,50:50,,,40:60,60:40,,,50:50,,,60:40,,45:55,,30:70,,,50:50,40:60,60:40,,,Yes
9/23/2023 12:20:44,Pikachu,Intermediate (I have participated in multiple tournaments),Puunk_,,55:45,60:40,,40:60,55:45,45:55,,20:80,60:40,70:30,60:40,,,50:50,60:40,,60:40,55:45,,55:45,50:50,60:40,55:45,60:40,40:60,45:55,50:50,,70:30,,60:40,30:70,,55:45,,,,,60:40,70:30,50:50,Yes
9/23/2023 12:44:51,Ice Climbers,High Level (I regularly make it out of pools in tournaments),Serb,60:40,40:60,70:30,55:45,70:30,55:45,50:50,50:50,50:50,40:60,50:50,40:60,60:40,60:40,55:45,40:60,40:60,70:30,40:60,50:50,40:60,50:50,30:70,60:40,60:40,50:50,40:60,60:40,50:50,45:55,50:50,40:60,60:40,40:60,50:50,55:45,40:60,80:20,55:45,40:60,30:70,30:70,Yes
9/23/2023 13:13:45,Falco,High Level (I regularly make it out of pools in tournaments),Captain Birdman,55:45,55:45,45:55,50:50,55:45,50:50,50:50,45:55,45:55,45:55,55:45,40:60,55:45,55:45,45:55,50:50,55:45,55:45,55:45,45:55,45:55,50:50,45:55,55:45,,55:45,50:50,55:45,,45:55,50:50,,50:50,55:45,45:55,55:45,60:40,45:55,50:50,55:45,45:55,50:50,Yes
9/23/2023 13:17:50,Fox,High Level (I regularly make it out of pools in tournaments),Bird,60:40,55:45,40:60,70:30,30:70,50:50,50:50,60:40,45:55,40:60,55:45,70:30,60:40,30:70,55:45,55:45,40:60,60:40,60:40,60:40,30:70,60:40,45:55,60:40,60:40,70:30,60:40,60:40,60:40,45:55,60:40,60:40,60:40,55:45,70:30,60:40,70:30,55:45,55:45,60:40,60:40,45:55,Yes
9/23/2023 13:54:26,Ivysaur,High Level (I regularly make it out of pools in tournaments),Amph,60:40,45:55,60:40,50:50,50:50,45:55,40:60,55:45,,55:45,50:50,70:30,60:40,55:45,45:55,45:55,45:55,55:45,60:40,50:50,40:60,40:60,50:50,55:45,55:45,60:40,70:30,55:45,50:50,50:50,50:50,60:40,40:60,55:45,40:60,50:50,45:55,55:45,40:60,45:55,60:40,40:60,Yes
9/23/2023 14:15:28,Diddy Kong,High Level (I regularly make it out of pools in tournaments),Microsoft J,70:30,60:40,60:40,50:50,40:60,70:30,70:30,60:40,,50:50,50:50,60:40,60:40,60:40,50:50,40:60,50:50,60:40,60:40,50:50,60:40,50:50,50:50,50:50,50:50,,70:30,55:45,50:50,60:40,70:30,,55:45,55:45,40:60,40:60,,55:45,50:50,45:55,40:60,45:55,Yes
9/23/2023 14:19:00,Lucario,Intermediate (I have participated in multiple tournaments),rose cat,60:40,55:45,55:45,45:55,55:45,40:60,40:60,60:40,55:45,50:50,55:45,,70:30,60:40,,55:45,50:50,,45:55,40:60,45:55,55:45,55:45,,50:50,,55:45,,,60:40,55:45,,55:45,,,,,,40:60,55:45,60:40,55:45,Yes
9/23/2023 14:52:56,Ice Climbers,High Level (I regularly make it out of pools in tournaments),JB IV,70:30,50:50,60:40,60:40,60:40,45:55,45:55,40:60,50:50,45:55,45:55,50:50,70:30,60:40,60:40,55:45,60:40,60:40,55:45,60:40,40:60,45:55,40:60,60:40,60:40,60:40,40:60,60:40,60:40,60:40,60:40,45:55,60:40,45:55,55:45,60:40,45:55,55:45,50:50,55:45,40:60,40:60,Yes
9/23/2023 15:29:56,Zelda,Top Player (I have won regional or larger sized tournaments),luxingo,,40:60,50:50,40:60,30:70,40:60,30:70,55:45,60:40,50:50,55:45,,,,50:50,30:70,50:50,50:50,,,30:70,30:70,,40:60,40:60,,60:40,,,,,,45:55,60:40,55:45,,,,,,50:50,40:60,Yes
9/23/2023 15:32:20,Ice Climbers,Top Player (I have won regional or larger sized tournaments),Seb (tag changes regularly but am australian top icies),60:40,55:45,,55:45,55:45,60:40,50:50,60:40,,45:55,45:55,55:45,60:40,55:45,60:40,,50:50,60:40,40:60,,40:60,55:45,,,70:30,60:40,30:70,70:30,,55:45,55:45,55:45,70:30,60:40,55:45,40:60,,55:45,,60:40,45:55,40:60,Yes
9/23/2023 17:02:03,Ness,High Level (I regularly make it out of pools in tournaments),Ntire,60:40,45:55,45:55,50:50,55:45,55:45,45:55,45:55,55:45,45:55,50:50,55:45,50:50,50:50,50:50,45:55,50:50,55:45,50:50,45:55,40:60,45:55,40:60,55:45,50:50,45:55,55:45,50:50,40:60,50:50,45:55,50:50,45:55,60:40,55:45,55:45,40:60,50:50,50:50,55:45,55:45,45:55,Yes
9/23/2023 17:05:34,Pit,High Level (I regularly make it out of pools in tournaments),Ant,60:40,50:50,55:45,55:45,45:55,40:60,40:60,45:55,50:50,55:45,50:50,70:30,60:40,60:40,50:50,50:50,50:50,45:55,55:45,45:55,50:50,45:55,55:45,55:45,55:45,55:45,60:40,55:45,50:50,55:45,45:55,55:45,45:55,55:45,55:45,55:45,55:45,50:50,40:60,50:50,55:45,45:55,Yes
9/23/2023 17:14:35,Sheik,High Level (I regularly make it out of pools in tournaments),Amy,80:20,60:40,,55:45,60:40,50:50,40:60,70:30,30:70,55:45,55:45,50:50,60:40,45:55,55:45,70:30,55:45,55:45,60:40,55:45,60:40,50:50,55:45,,60:40,,60:40,,,60:40,,60:40,50:50,60:40,60:40,,,60:40,50:50,60:40,70:30,55:45,Yes
9/23/2023 17:20:23,Mr. Game and Watch,Top Player (I have won regional or larger sized tournaments),Mr.Watch&Learn,70:30,55:45,55:45,45:55,50:50,40:60,40:60,40:60,50:50,45:55,40:60,70:30,70:30,70:30,55:45,50:50,50:50,50:50,70:30,60:40,45:55,40:60,60:40,50:50,55:45,45:55,70:30,55:45,50:50,55:45,40:60,70:30,55:45,55:45,55:45,55:45,40:60,50:50,50:50,40:60,45:55,40:60,Yes
9/23/2023 17:38:15,Marth,Intermediate (I have participated in multiple tournaments),Egsid,40:60,45:55,40:60,60:40,45:55,55:45,55:45,50:50,60:40,,45:55,60:40,40:60,60:40,55:45,55:45,55:45,60:40,70:30,60:40,50:50,40:60,45:55,55:45,60:40,55:45,55:45,50:50,45:55,60:40,55:45,50:50,45:55,55:45,,,,55:45,55:45,40:60,60:40,40:60,Yes
9/23/2023 18:48:30,Mr. Game and Watch,High Level (I regularly make it out of pools in tournaments),Edge,60:40,45:55,,,,55:45,50:50,50:50,,,40:60,,60:40,,40:60,55:45,,40:60,60:40,,30:70,,45:55,50:50,,,55:45,,,,50:50,,45:55,,,50:50,,,,45:55,60:40,30:70,Yes
9/23/2023 18:51:28,Roy,Intermediate (I have participated in multiple tournaments),Grim,,50:50,,,,,,60:40,,,,,,,,,,,,,45:55,,,55:45,60:40,,,,,20:80,,,,,,,,,,,,,Yes
9/23/2023 20:48:26,Lucario,Intermediate (I have participated in multiple tournaments),Naan,,,,,40:60,40:60,30:70,55:45,,,,,,,,,50:50,,,,50:50,,,,45:55,,,,,60:40,,,,,,,,,30:70,,,30:70,Yes
9/23/2023 21:31:03,Ness,Top Player (I have won regional or larger sized tournaments),Ryzuul,60:40,50:50,50:50,55:45,55:45,55:45,55:45,55:45,45:55,45:55,40:60,50:50,55:45,55:45,50:50,55:45,55:45,55:45,60:40,55:45,30:70,40:60,45:55,50:50,50:50,50:50,55:45,60:40,45:55,45:55,55:45,60:40,50:50,60:40,50:50,60:40,50:50,50:50,50:50,60:40,55:45,45:55,Yes
9/23/2023 23:09:47,Marth,High Level (I regularly make it out of pools in tournaments),Mar,55:45,50:50,45:55,50:50,45:55,55:45,55:45,55:45,45:55,50:50,50:50,55:45,45:55,55:45,50:50,45:55,50:50,60:40,60:40,55:45,50:50,45:55,55:45,55:45,60:40,60:40,55:45,45:55,50:50,50:50,55:45,50:50,45:55,55:45,50:50,50:50,60:40,50:50,55:45,45:55,55:45,45:55,Yes
9/24/2023 3:10:00,Toon Link,High Level (I regularly make it out of pools in tournaments),Ditzy,60:40,45:55,60:40,40:60,55:45,45:55,40:60,60:40,70:30,55:45,70:30,70:30,70:30,60:40,45:55,55:45,45:55,50:50,70:30,45:55,45:55,45:55,70:30,60:40,60:40,60:40,70:30,50:50,55:45,50:50,55:45,60:40,50:50,60:40,40:60,50:50,50:50,55:45,45:55,45:55,70:30,45:55,Yes
9/24/2023 10:32:29,Ivysaur,Top Player (I have won regional or larger sized tournaments),Verd,70:30,40:60,55:45,45:55,50:50,40:60,30:70,60:40,60:40,50:50,50:50,80:20,60:40,55:45,45:55,55:45,45:55,45:55,55:45,55:45,40:60,40:60,45:55,55:45,60:40,60:40,80:20,45:55,50:50,45:55,50:50,60:40,50:50,55:45,40:60,45:55,40:60,60:40,40:60,50:50,55:45,45:55,Yes
9/24/2023 19:31:13,Ike,Intermediate (I have participated in multiple tournaments),Sabreur ,55:45,40:60,50:50,40:60,50:50,40:60,45:55,60:40,60:40,50:50,50:50,60:40,55:45,60:40,45:55,55:45,40:60,45:55,60:40,55:45,45:55,40:60,50:50,60:40,70:30,70:30,70:30,40:60,40:60,55:45,70:30,60:40,40:60,60:40,30:70,30:70,55:45,50:50,40:60,60:40,60:40,45:55,Yes
9/25/2023 1:58:41,Sheik,Intermediate (I have participated in multiple tournaments),Fukki,60:40,55:45,45:55,50:50,50:50,55:45,55:45,60:40,40:60,55:45,50:50,55:45,55:45,50:50,50:50,55:45,55:45,50:50,55:45,55:45,55:45,50:50,50:50,50:50,60:40,60:40,50:50,55:45,60:40,55:45,55:45,55:45,50:50,55:45,50:50,45:55,55:45,50:50,45:55,55:45,60:40,55:45,Yes
9/25/2023 2:31:55,Mario,Top Player (I have won regional or larger sized tournaments),Gallo,70:30,50:50,55:45,70:30,50:50,55:45,45:55,55:45,45:55,50:50,45:55,60:40,70:30,55:45,55:45,55:45,55:45,60:40,45:55,50:50,45:55,55:45,45:55,55:45,55:45,55:45,40:60,60:40,60:40,55:45,50:50,50:50,50:50,55:45,55:45,60:40,55:45,55:45,45:55,45:55,40:60,50:50,Yes
9/25/2023 2:39:03,Pit,Top Player (I have won regional or larger sized tournaments),Gallo,60:40,40:60,60:40,50:50,40:60,45:55,40:60,55:45,45:55,55:45,45:55,60:40,60:40,55:45,40:60,45:55,40:60,45:55,60:40,40:60,55:45,40:60,60:40,60:40,55:45,45:55,55:45,45:55,50:50,50:50,50:50,55:45,45:55,50:50,45:55,50:50,45:55,50:50,40:60,45:55,60:40,45:55,Yes
9/25/2023 13:55:31,Olimar,High Level (I regularly make it out of pools in tournaments),sfy bees,60:40,40:60,50:50,55:45,50:50,40:60,30:70,60:40,50:50,45:55,45:55,70:30,60:40,60:40,45:55,60:40,40:60,40:60,60:40,40:60,45:55,30:70,50:50,60:40,45:55,50:50,60:40,50:50,45:55,45:55,50:50,70:30,40:60,60:40,30:70,50:50,60:40,60:40,30:70,55:45,60:40,30:70,Yes
9/25/2023 14:49:45,Olimar,Intermediate (I have participated in multiple tournaments),Cookies,60:40,45:55,55:45,55:45,40:60,40:60,45:55,60:40,50:50,45:55,50:50,60:40,55:45,60:40,40:60,50:50,40:60,40:60,60:40,45:55,40:60,30:70,30:70,55:45,60:40,50:50,60:40,45:55,45:55,60:40,45:55,60:40,40:60,55:45,45:55,60:40,40:60,40:60,40:60,55:45,55:45,40:60,Yes
9/25/2023 20:34:38,Pikachu,Intermediate (I have participated in multiple tournaments),Tash,55:45,40:60,40:60,,40:60,40:60,40:60,55:45,30:70,55:45,60:40,60:40,60:40,55:45,,50:50,50:50,,55:45,40:60,55:45,45:55,40:60,,,,50:50,50:50,,40:60,40:60,50:50,50:50,60:40,,50:50,55:45,40:60,,55:45,60:40,45:55,Yes
9/25/2023 21:00:51,Charizard,Top Player (I have won regional or larger sized tournaments),Kycse,60:40,60:40,50:50,40:60,55:45,55:45,50:50,70:30,40:60,60:40,45:55,60:40,45:55,55:45,55:45,55:45,40:60,40:60,60:40,55:45,50:50,40:60,45:55,45:55,50:50,55:45,60:40,55:45,,45:55,60:40,55:45,50:50,55:45,45:55,,40:60,50:50,40:60,55:45,50:50,40:60,Yes
9/25/2023 22:13:32,Toon Link,High Level (I regularly make it out of pools in tournaments),SquidBangR,30:70,30:70,80:20,50:50,80:20,30:70,20:80,50:50,20:80,50:50,80:20,45:55,50:50,40:60,40:60,40:60,30:70,60:40,55:45,60:40,40:60,40:60,60:40,80:20,55:45,50:50,40:60,55:45,45:55,45:55,60:40,50:50,45:55,45:55,80:20,40:60,80:20,40:60,45:55,60:40,40:60,55:45,Yes
9/26/2023 1:38:25,Sonic,Top Player (I have won regional or larger sized tournaments),Motobug,60:40,50:50,55:45,55:45,60:40,50:50,45:55,60:40,40:60,60:40,60:40,60:40,70:30,60:40,55:45,55:45,50:50,55:45,55:45,50:50,50:50,50:50,55:45,55:45,60:40,60:40,55:45,55:45,55:45,60:40,55:45,60:40,50:50,55:45,50:50,55:45,60:40,60:40,50:50,55:45,60:40,50:50,Yes
9/26/2023 1:41:28,Knuckles,Top Player (I have won regional or larger sized tournaments),Motobug,60:40,55:45,55:45,60:40,55:45,50:50,45:55,60:40,45:55,55:45,55:45,55:45,60:40,60:40,50:50,55:45,50:50,55:45,60:40,55:45,45:55,50:50,55:45,55:45,60:40,60:40,60:40,55:45,55:45,60:40,55:45,60:40,50:50,60:40,45:55,55:45,55:45,50:50,45:55,55:45,60:40,50:50,Yes
9/26/2023 12:13:40,Captain Falcon,Intermediate (I have participated in multiple tournaments),shad,60:40,50:50,45:55,60:40,50:50,50:50,40:60,60:40,60:40,45:55,70:30,55:45,70:30,55:45,45:55,60:40,50:50,60:40,60:40,70:30,,20:80,50:50,45:55,60:40,50:50,60:40,45:55,60:40,60:40,60:40,60:40,50:50,60:40,60:40,30:70,60:40,55:45,40:60,60:40,55:45,50:50,Yes
9/26/2023 14:23:58,King Dedede,High Level (I regularly make it out of pools in tournaments),RBD Apollo Ali,50:50,40:60,50:50,50:50,45:55,40:60,40:60,50:50,20:80,50:50,45:55,50:50,50:50,55:45,40:60,50:50,30:70,40:60,60:40,45:55,45:55,40:60,50:50,45:55,50:50,45:55,40:60,30:70,45:55,50:50,60:40,60:40,45:55,45:55,40:60,40:60,45:55,40:60,45:55,45:55,55:45,30:70,Yes
9/26/2023 14:34:54,Ganondorf,Intermediate (I have participated in multiple tournaments),BM_Biz,60:40,45:55,45:55,40:60,45:55,40:60,40:60,50:50,50:50,45:55,45:55,60:40,50:50,50:50,40:60,45:55,40:60,45:55,55:45,40:60,50:50,30:70,45:55,45:55,45:55,55:45,55:45,45:55,45:55,45:55,55:45,60:40,30:70,45:55,30:70,40:60,40:60,45:55,40:60,70:30,45:55,30:70,Yes
9/26/2023 18:31:10,Captain Falcon,Top Player (I have won regional or larger sized tournaments),ORLY,70:30,50:50,60:40,40:60,40:60,,55:45,55:45,60:40,40:60,55:45,55:45,60:40,55:45,40:60,55:45,40:60,55:45,60:40,40:60,55:45,30:70,45:55,45:55,60:40,45:55,60:40,55:45,60:40,60:40,55:45,60:40,40:60,60:40,45:55,40:60,60:40,55:45,40:60,60:40,60:40,40:60,Yes
9/26/2023 19:15:20,Kirby,High Level (I regularly make it out of pools in tournaments),Shenanigans,55:45,50:50,50:50,45:55,45:55,45:55,30:70,55:45,40:60,45:55,45:55,45:55,55:45,50:50,45:55,45:55,50:50,40:60,55:45,45:55,30:70,45:55,40:60,45:55,45:55,45:55,50:50,45:55,50:50,50:50,50:50,55:45,55:45,50:50,45:55,50:50,40:60,45:55,40:60,50:50,50:50,50:50,Yes
9/26/2023 19:16:12,Zero Suit Samus,High Level (I regularly make it out of pools in tournaments),mawwwk,70:30,50:50,60:40,55:45,50:50,50:50,45:55,60:40,60:40,55:45,55:45,60:40,70:30,50:50,40:60,55:45,50:50,60:40,60:40,50:50,50:50,45:55,60:40,60:40,60:40,60:40,60:40,60:40,55:45,55:45,60:40,55:45,40:60,60:40,50:50,60:40,60:40,55:45,45:55,60:40,60:40,,Yes
9/26/2023 22:39:00,Ganondorf,Intermediate (I have participated in multiple tournaments),G4RY,55:45,40:60,45:55,40:60,40:60,40:60,45:55,50:50,60:40,45:55,30:70,45:55,45:55,50:50,45:55,45:55,40:60,30:70,60:40,50:50,40:60,30:70,40:60,45:55,40:60,45:55,50:50,45:55,50:50,50:50,60:40,55:45,30:70,45:55,40:60,30:70,40:60,40:60,30:70,50:50,50:50,40:60,Yes
9/27/2023 15:22:54,Zero Suit Samus,High Level (I regularly make it out of pools in tournaments),irish martini,70:30,55:45,60:40,55:45,55:45,55:45,45:55,70:30,30:70,60:40,60:40,60:40,80:20,55:45,50:50,55:45,45:55,45:55,60:40,55:45,60:40,40:60,60:40,55:45,60:40,70:30,70:30,55:45,60:40,60:40,70:30,55:45,45:55,60:40,40:60,60:40,60:40,55:45,40:60,55:45,70:30,50:50,Yes
9/27/2023 15:28:09,Sheik,High Level (I regularly make it out of pools in tournaments),irish martini,70:30,55:45,55:45,55:45,45:55,55:45,50:50,70:30,20:80,55:45,55:45,45:55,55:45,45:55,45:55,70:30,45:55,40:60,60:40,55:45,60:40,40:60,55:45,55:45,70:30,70:30,60:40,50:50,55:45,50:50,70:30,50:50,50:50,70:30,45:55,60:40,70:30,55:45,45:55,50:50,60:40,55:45,Yes
9/27/2023 19:08:47,Donkey Kong,High Level (I regularly make it out of pools in tournaments),Mangachu,55:45,60:40,55:45,60:40,50:50,70:30,55:45,70:30,30:70,55:45,50:50,55:45,70:30,60:40,55:45,60:40,45:55,55:45,70:30,60:40,55:45,55:45,60:40,60:40,60:40,60:40,70:30,55:45,60:40,60:40,70:30,55:45,50:50,60:40,40:60,60:40,55:45,55:45,50:50,80:20,60:40,45:55,Yes
9/27/2023 19:20:13,Wolf,High Level (I regularly make it out of pools in tournaments),Captain Birdman,60:40,60:40,,55:45,50:50,50:50,50:50,60:40,55:45,,60:40,55:45,60:40,60:40,,55:45,55:45,55:45,55:45,,50:50,50:50,55:45,55:45,60:40,60:40,55:45,55:45,,55:45,55:45,,50:50,55:45,,60:40,60:40,50:50,50:50,55:45,,55:45,Yes
9/27/2023 19:20:47,Mario,Intermediate (I have participated in multiple tournaments),sticks,60:40,40:60,45:55,70:30,50:50,40:60,40:60,45:55,,45:55,55:45,60:40,60:40,60:40,45:55,55:45,50:50,60:40,50:50,,50:50,60:40,30:70,55:45,55:45,,45:55,60:40,60:40,55:45,60:40,55:45,45:55,45:55,55:45,60:40,60:40,50:50,45:55,45:55,40:60,,Yes
9/27/2023 19:26:05,Marth,Intermediate (I have participated in multiple tournaments),Adray,55:45,45:55,50:50,50:50,50:50,55:45,55:45,60:40,50:50,50:50,55:45,60:40,45:55,55:45,55:45,50:50,55:45,55:45,55:45,55:45,50:50,50:50,45:55,60:40,60:40,60:40,60:40,45:55,55:45,55:45,60:40,55:45,50:50,50:50,45:55,50:50,45:55,50:50,50:50,50:50,55:45,40:60,Yes
9/27/2023 19:29:51,Marth,Intermediate (I have participated in multiple tournaments),Femboyroy ,30:70,30:70,50:50,60:40,60:40,80:20,80:20,60:40,80:20,50:50,45:55,60:40,30:70,30:70,60:40,50:50,30:70,60:40,40:60,40:60,50:50,60:40,60:40,40:60,70:30,70:30,50:50,55:45,55:45,30:70,80:20,60:40,60:40,70:30,40:60,30:70,60:40,60:40,80:20,30:70,50:50,60:40,Yes
9/27/2023 19:33:19,Marth,Intermediate (I have participated in multiple tournaments),Douhboi / Mr. S,40:60,50:50,45:55,,40:60,60:40,60:40,55:45,55:45,50:50,60:40,60:40,45:55,50:50,45:55,60:40,50:50,55:45,60:40,55:45,50:50,45:55,55:45,60:40,60:40,60:40,60:40,,55:45,50:50,60:40,60:40,45:55,55:45,55:45,60:40,60:40,50:50,50:50,40:60,55:45,40:60,Yes
9/27/2023 19:36:23,Roy,Intermediate (I have participated in multiple tournaments),Douhboi / Mr. S,30:70,45:55,40:60,50:50,40:60,55:45,55:45,45:55,,45:55,,,40:60,,40:60,55:45,,45:55,55:45,55:45,40:60,40:60,45:55,55:45,55:45,55:45,50:50,,50:50,50:50,50:50,55:45,45:55,50:50,45:55,55:45,60:40,50:50,45:55,30:70,50:50,30:70,Yes
9/27/2023 19:38:16,Lucario,High Level (I regularly make it out of pools in tournaments),Ptsd,60:40,55:45,60:40,55:45,50:50,60:40,55:45,55:45,50:50,55:45,55:45,60:40,60:40,55:45,55:45,55:45,50:50,50:50,50:50,50:50,50:50,50:50,50:50,55:45,50:50,55:45,55:45,50:50,55:45,55:45,55:45,55:45,55:45,80:20,55:45,60:40,55:45,50:50,55:45,50:50,50:50,50:50,Yes
9/27/2023 19:56:32,Donkey Kong,Intermediate (I have participated in multiple tournaments),Soggy,80:20,45:55,55:45,70:30,50:50,40:60,30:70,70:30,20:80,45:55,50:50,80:20,55:45,70:30,40:60,55:45,50:50,45:55,60:40,45:55,55:45,20:80,40:60,60:40,60:40,60:40,55:45,60:40,70:30,55:45,55:45,60:40,20:80,50:50,20:80,50:50,55:45,55:45,30:70,80:20,60:40,45:55,Yes
9/27/2023 19:57:17,Wario,High Level (I regularly make it out of pools in tournaments),Jr. Chaffles,70:30,55:45,55:45,50:50,,50:50,45:55,,20:80,45:55,45:55,40:60,55:45,45:55,50:50,45:55,55:45,45:55,45:55,50:50,45:55,50:50,40:60,60:40,55:45,,55:45,50:50,60:40,40:60,45:55,45:55,50:50,50:50,40:60,,45:55,50:50,50:50,45:55,55:45,50:50,Yes
9/27/2023 20:02:15,Snake,Intermediate (I have participated in multiple tournaments),Mr. Ledger,70:30,55:45,55:45,40:60,50:50,45:55,40:60,60:40,,55:45,40:60,60:40,60:40,,,60:40,,45:55,,40:60,45:55,30:70,55:45,55:45,,,,,,,,,30:70,,50:50,,50:50,,40:60,50:50,45:55,30:70,Yes
9/27/2023 20:02:34,Olimar,High Level (I regularly make it out of pools in tournaments),Jr. Chaffles,60:40,55:45,50:50,45:55,55:45,40:60,45:55,60:40,45:55,50:50,45:55,60:40,50:50,60:40,,50:50,55:45,45:55,60:40,50:50,45:55,45:55,50:50,55:45,45:55,50:50,50:50,50:50,50:50,45:55,40:60,45:55,50:50,55:45,40:60,55:45,50:50,55:45,40:60,40:60,50:50,50:50,Yes
9/27/2023 20:15:55,Marth,Top Player (I have won regional or larger sized tournaments),Rongunshu,60:40,55:45,55:45,60:40,40:60,60:40,60:40,60:40,60:40,55:45,60:40,60:40,60:40,60:40,55:45,50:50,55:45,60:40,70:30,55:45,50:50,50:50,55:45,70:30,60:40,60:40,60:40,50:50,55:45,55:45,55:45,60:40,45:55,60:40,55:45,60:40,55:45,55:45,60:40,55:45,60:40,45:55,Yes
9/27/2023 20:24:42,Lucario,Intermediate (I have participated in multiple tournaments),hibou,70:30,50:50,60:40,,55:45,55:45,55:45,60:40,55:45,,,70:30,70:30,,,,50:50,,60:40,50:50,55:45,,45:55,55:45,60:40,,55:45,,,60:40,60:40,,50:50,,,,,,45:55,60:40,,45:55,Yes
9/27/2023 20:30:40,R.O.B.,High Level (I regularly make it out of pools in tournaments),shwang,55:45,40:60,60:40,45:55,40:60,60:40,55:45,60:40,60:40,45:55,55:45,60:40,50:50,55:45,45:55,55:45,30:70,45:55,55:45,45:55,50:50,30:70,45:55,60:40,50:50,55:45,55:45,50:50,55:45,50:50,55:45,55:45,45:55,55:45,40:60,50:50,45:55,55:45,50:50,60:40,60:40,30:70,Yes
9/27/2023 20:55:59,Lucario,High Level (I regularly make it out of pools in tournaments),Cresso,70:30,60:40,50:50,50:50,60:40,60:40,40:60,60:40,60:40,55:45,,,70:30,55:45,,55:45,50:50,,60:40,50:50,50:50,50:50,,,,,55:45,50:50,55:45,,50:50,,,55:45,45:55,,,,,55:45,60:40,50:50,Yes
9/27/2023 21:20:49,Fox,High Level (I regularly make it out of pools in tournaments),lapis,55:45,60:40,60:40,55:45,45:55,55:45,50:50,60:40,55:45,50:50,55:45,70:30,55:45,60:40,50:50,55:45,55:45,45:55,55:45,45:55,40:60,50:50,50:50,50:50,45:55,,55:45,50:50,,55:45,45:55,55:45,50:50,55:45,45:55,,,55:45,50:50,60:40,50:50,40:60,Yes
9/27/2023 21:22:40,Sonic,Intermediate (I have participated in multiple tournaments),Wither,70:30,40:60,,,,60:40,60:40,70:30,,,70:30,80:20,,,50:50,55:45,,55:45,80:20,45:55,40:60,30:70,,50:50,60:40,,,,,,,,40:60,,,,,,70:30,,,30:70,Yes
9/27/2023 21:30:24,Bowser,Intermediate (I have participated in multiple tournaments),ZDJ,50:50,60:40,70:30,40:60,50:50,30:70,70:30,60:40,45:55,40:60,20:80,55:45,60:40,70:30,45:55,30:70,70:30,40:60,60:40,60:40,70:30,20:80,50:50,40:60,40:60,55:45,55:45,30:70,60:40,45:55,40:60,60:40,40:60,20:80,30:70,45:55,30:70,45:55,60:40,60:40,70:30,45:55,Yes
9/27/2023 21:34:15,Lucario,High Level (I regularly make it out of pools in tournaments),TRai,70:30,50:50,70:30,55:45,55:45,40:60,30:70,55:45,70:30,55:45,60:40,60:40,70:30,55:45,50:50,60:40,50:50,50:50,50:50,50:50,40:60,50:50,45:55,60:40,50:50,60:40,55:45,55:45,60:40,60:40,55:45,55:45,45:55,60:40,50:50,55:45,60:40,55:45,45:55,70:30,60:40,45:55,Yes
9/27/2023 22:03:56,Marth,Top Player (I have won regional or larger sized tournaments),Jagz$,55:45,50:50,40:60,55:45,45:55,55:45,55:45,50:50,50:50,55:45,55:45,50:50,55:45,55:45,50:50,55:45,55:45,55:45,60:40,55:45,50:50,45:55,50:50,60:40,60:40,70:30,55:45,45:55,50:50,50:50,55:45,55:45,45:55,55:45,45:55,60:40,55:45,55:45,50:50,45:55,60:40,40:60,Yes
9/27/2023 22:08:57,Lucario,High Level (I regularly make it out of pools in tournaments),GooSluj,60:40,40:60,60:40,45:55,55:45,40:60,40:60,60:40,55:45,60:40,55:45,50:50,60:40,50:50,55:45,55:45,50:50,50:50,55:45,50:50,45:55,45:55,50:50,45:55,55:45,55:45,50:50,55:45,55:45,55:45,45:55,55:45,40:60,50:50,50:50,50:50,55:45,55:45,45:55,55:45,50:50,50:50,Yes
9/27/2023 22:22:24,Lucario,Top Player (I have won regional or larger sized tournaments),NGPPoilu,55:45,45:55,55:45,40:60,55:45,40:60,40:60,60:40,70:30,55:45,55:45,40:60,70:30,60:40,50:50,55:45,50:50,40:60,40:60,40:60,45:55,45:55,40:60,60:40,55:45,60:40,50:50,50:50,50:50,55:45,60:40,40:60,40:60,55:45,40:60,40:60,45:55,40:60,30:70,55:45,60:40,40:60,Yes
9/27/2023 23:22:45,Ganondorf,Intermediate (I have participated in multiple tournaments),Cosmic | Frequency,70:30,55:45,60:40,50:50,60:40,50:50,45:55,50:50,60:40,55:45,45:55,60:40,70:30,55:45,40:60,55:45,40:60,40:60,60:40,55:45,50:50,40:60,55:45,55:45,70:30,70:30,60:40,45:55,60:40,45:55,55:45,60:40,40:60,55:45,30:70,55:45,40:60,55:45,50:50,70:30,60:40,50:50,Yes
9/27/2023 23:29:50,Falco,Intermediate (I have participated in multiple tournaments),Cosmic | Frequency,60:40,70:30,70:30,55:45,60:40,50:50,50:50,50:50,55:45,55:45,60:40,55:45,70:30,50:50,55:45,60:40,60:40,60:40,55:45,55:45,45:55,50:50,55:45,60:40,60:40,70:30,55:45,55:45,60:40,50:50,60:40,55:45,50:50,55:45,60:40,55:45,60:40,40:60,50:50,55:45,55:45,50:50,Yes
9/27/2023 23:33:36,Olimar,Intermediate (I have participated in multiple tournaments),Cosmic | Frequency,55:45,55:45,60:40,45:55,55:45,30:70,30:70,30:70,55:45,40:60,70:30,70:30,70:30,60:40,40:60,40:60,40:60,30:70,55:45,55:45,40:60,30:70,40:60,50:50,55:45,50:50,60:40,45:55,55:45,70:30,50:50,45:55,50:50,45:55,45:55,50:50,30:70,50:50,45:55,45:55,50:50,50:50,Yes
9/28/2023 0:10:47,King Dedede,High Level (I regularly make it out of pools in tournaments),Ripple,60:40,50:50,40:60,30:70,40:60,50:50,55:45,50:50,20:80,40:60,40:60,60:40,50:50,55:45,30:70,40:60,30:70,40:60,55:45,40:60,55:45,40:60,45:55,40:60,60:40,45:55,70:30,40:60,45:55,50:50,60:40,60:40,40:60,55:45,40:60,30:70,20:80,40:60,45:55,60:40,70:30,30:70,Yes
9/28/2023 0:29:32,Ganondorf,High Level (I regularly make it out of pools in tournaments),Ford$,60:40,40:60,45:55,50:50,40:60,45:55,40:60,50:50,55:45,40:60,55:45,60:40,55:45,45:55,40:60,45:55,45:55,50:50,60:40,45:55,55:45,45:55,50:50,55:45,60:40,45:55,60:40,55:45,50:50,45:55,60:40,60:40,30:70,45:55,40:60,40:60,45:55,50:50,45:55,55:45,60:40,45:55,Yes
9/28/2023 1:02:05,Lucas,High Level (I regularly make it out of pools in tournaments),Grealy,60:40,50:50,70:30,,55:45,30:70,30:70,60:40,60:40,55:45,60:40,,80:20,40:60,45:55,60:40,40:60,50:50,60:40,40:60,30:70,40:60,60:40,60:40,45:55,45:55,40:60,,,60:40,45:55,60:40,30:70,60:40,60:40,55:45,45:55,45:55,30:70,,,40:60,Yes
9/28/2023 2:51:53,Meta Knight,Top Player (I have won regional or larger sized tournaments),SipMastah,60:40,55:45,55:45,50:50,45:55,55:45,45:55,60:40,50:50,55:45,60:40,70:30,60:40,60:40,45:55,55:45,50:50,55:45,70:30,50:50,55:45,50:50,45:55,55:45,60:40,60:40,,60:40,55:45,55:45,60:40,60:40,50:50,55:45,45:55,60:40,60:40,55:45,50:50,55:45,55:45,55:45,Yes
9/28/2023 2:54:27,Sonic,Top Player (I have won regional or larger sized tournaments),SipMastah,60:40,50:50,55:45,60:40,55:45,55:45,50:50,60:40,45:55,55:45,60:40,60:40,60:40,55:45,55:45,60:40,55:45,50:50,55:45,50:50,55:45,55:45,55:45,55:45,55:45,60:40,50:50,60:40,60:40,60:40,55:45,55:45,55:45,60:40,50:50,55:45,60:40,55:45,50:50,,,45:55,Yes
9/28/2023 2:57:18,Lucario,Top Player (I have won regional or larger sized tournaments),SipMastah,60:40,50:50,55:45,50:50,50:50,50:50,45:55,55:45,55:45,55:45,55:45,60:40,60:40,55:45,45:55,55:45,50:50,55:45,60:40,50:50,45:55,50:50,55:45,60:40,55:45,55:45,55:45,60:40,,60:40,60:40,55:45,45:55,55:45,45:55,55:45,,55:45,45:55,,,45:55,Yes
9/28/2023 2:59:52,Diddy Kong,Top Player (I have won regional or larger sized tournaments),SipMastah,,55:45,55:45,50:50,45:55,50:50,50:50,60:40,50:50,45:55,55:45,60:40,60:40,60:40,50:50,55:45,50:50,55:45,60:40,40:60,45:55,50:50,45:55,55:45,,,55:45,,,55:45,,60:40,55:45,,40:60,55:45,,50:50,50:50,55:45,,45:55,Yes
9/28/2023 4:29:11,R.O.B.,High Level (I regularly make it out of pools in tournaments),UkeleleJoe,60:40,30:70,55:45,50:50,40:60,50:50,50:50,45:55,60:40,55:45,60:40,60:40,60:40,55:45,,55:45,45:55,50:50,60:40,50:50,55:45,40:60,45:55,50:50,60:40,60:40,60:40,50:50,60:40,50:50,70:30,60:40,55:45,60:40,40:60,45:55,50:50,50:50,50:50,55:45,60:40,30:70,Yes
9/28/2023 4:30:31,Ganondorf,Intermediate (I have participated in multiple tournaments),Dash,60:40,45:55,,40:60,45:55,40:60,40:60,50:50,55:45,50:50,40:60,55:45,50:50,50:50,30:70,40:60,30:70,40:60,60:40,50:50,50:50,40:60,40:60,50:50,70:30,45:55,70:30,,50:50,40:60,60:40,60:40,30:70,45:55,20:80,,45:55,40:60,30:70,60:40,50:50,30:70,Yes
9/28/2023 5:42:59,Mewtwo,High Level (I regularly make it out of pools in tournaments),Cepheus,60:40,40:60,50:50,70:30,40:60,60:40,60:40,50:50,60:40,45:55,40:60,50:50,55:45,60:40,55:45,45:55,50:50,45:55,60:40,60:40,40:60,45:55,50:50,40:60,50:50,40:60,60:40,55:45,45:55,45:55,60:40,50:50,40:60,50:50,45:55,45:55,40:60,60:40,55:45,50:50,55:45,40:60,Yes
9/28/2023 5:51:13,Mr. Game and Watch,High Level (I regularly make it out of pools in tournaments),Commander Koen,70:30,45:55,55:45,45:55,60:40,40:60,30:70,60:40,55:45,,60:40,80:20,70:30,60:40,,30:70,50:50,50:50,80:20,50:50,50:50,50:50,45:55,50:50,50:50,40:60,70:30,70:30,50:50,60:40,60:40,55:45,60:40,40:60,50:50,60:40,30:70,50:50,50:50,60:40,70:30,40:60,Yes
9/28/2023 11:11:23,Marth,Top Player (I have won regional or larger sized tournaments),Blitz,60:40,55:45,55:45,55:45,45:55,60:40,55:45,55:45,60:40,50:50,60:40,60:40,55:45,55:45,55:45,50:50,55:45,55:45,70:30,55:45,50:50,50:50,55:45,60:40,60:40,60:40,60:40,55:45,55:45,55:45,55:45,60:40,50:50,60:40,55:45,60:40,55:45,60:40,50:50,55:45,60:40,50:50,Yes
9/28/2023 11:32:30,Wolf,Intermediate (I have participated in multiple tournaments),,55:45,60:40,55:45,55:45,50:50,45:55,40:60,60:40,45:55,50:50,60:40,55:45,55:45,50:50,45:55,55:45,55:45,60:40,50:50,50:50,50:50,50:50,50:50,50:50,50:50,55:45,55:45,55:45,60:40,50:50,55:45,55:45,55:45,55:45,55:45,55:45,60:40,55:45,50:50,55:45,55:45,55:45,Yes
9/28/2023 13:15:18,Wario,High Level (I regularly make it out of pools in tournaments),J.am,60:40,55:45,70:30,50:50,60:40,55:45,50:50,70:30,40:60,60:40,50:50,55:45,60:40,60:40,50:50,50:50,50:50,55:45,60:40,50:50,55:45,50:50,50:50,50:50,60:40,50:50,60:40,60:40,50:50,45:55,60:40,60:40,50:50,50:50,50:50,45:55,45:55,50:50,50:50,50:50,50:50,50:50,Yes
9/28/2023 19:57:10,Ganondorf,High Level (I regularly make it out of pools in tournaments),Potatoes,60:40,45:55,45:55,45:55,40:60,30:70,30:70,50:50,40:60,45:55,45:55,70:30,55:45,40:60,40:60,55:45,40:60,40:60,70:30,40:60,50:50,30:70,40:60,45:55,50:50,45:55,55:45,55:45,45:55,45:55,55:45,55:45,30:70,45:55,30:70,40:60,50:50,40:60,30:70,70:30,60:40,30:70,Yes
9/28/2023 20:37:54,Yoshi,Intermediate (I have participated in multiple tournaments),Shadrake,45:55,45:55,40:60,60:40,45:55,45:55,45:55,45:55,50:50,45:55,45:55,60:40,45:55,55:45,50:50,45:55,45:55,45:55,55:45,45:55,50:50,50:50,40:60,60:40,45:55,50:50,45:55,50:50,55:45,45:55,60:40,55:45,50:50,50:50,40:60,50:50,45:55,50:50,40:60,50:50,45:55,50:50,Yes
9/28/2023 20:44:06,Pikachu,Intermediate (I have participated in multiple tournaments),Shadrake,50:50,50:50,45:55,50:50,50:50,55:45,50:50,50:50,45:55,50:50,55:45,55:45,50:50,50:50,50:50,45:55,50:50,45:55,55:45,45:55,50:50,50:50,50:50,45:55,50:50,55:45,45:55,50:50,55:45,55:45,45:55,50:50,40:60,60:40,50:50,55:45,45:55,50:50,50:50,45:55,50:50,50:50,Yes
9/28/2023 20:49:20,Mario,High Level (I regularly make it out of pools in tournaments),Erg,60:40,45:55,55:45,60:40,60:40,50:50,40:60,55:45,60:40,55:45,60:40,70:30,60:40,55:45,55:45,50:50,50:50,60:40,60:40,50:50,40:60,50:50,55:45,55:45,60:40,60:40,55:45,60:40,55:45,55:45,45:55,60:40,60:40,60:40,60:40,55:45,60:40,60:40,50:50,60:40,60:40,50:50,Yes
9/29/2023 12:21:35,Ike,Top Player (I have won regional or larger sized tournaments),metroid,60:40,50:50,,50:50,50:50,50:50,50:50,60:40,55:45,50:50,45:55,60:40,55:45,45:55,50:50,,50:50,55:45,60:40,50:50,50:50,40:60,,50:50,55:45,60:40,60:40,,50:50,50:50,55:45,60:40,40:60,60:40,40:60,40:60,,,50:50,,60:40,45:55,Yes
9/30/2023 0:08:28,Mewtwo,High Level (I regularly make it out of pools in tournaments),Shadows,70:30,45:55,60:40,55:45,60:40,55:45,50:50,55:45,70:30,50:50,60:40,80:20,70:30,70:30,50:50,50:50,55:45,55:45,70:30,60:40,55:45,55:45,50:50,60:40,60:40,60:40,60:40,55:45,45:55,60:40,50:50,70:30,50:50,60:40,60:40,60:40,40:60,55:45,50:50,70:30,60:40,45:55,Yes
9/30/2023 8:36:21,Roy,Intermediate (I have participated in multiple tournaments),RoyinoZ,30:70,40:60,40:60,45:55,70:30,55:45,50:50,45:55,50:50,45:55,45:55,50:50,70:30,55:45,50:50,50:50,50:50,60:40,60:40,55:45,40:60,40:60,40:60,50:50,60:40,60:40,30:70,40:60,55:45,30:70,50:50,50:50,40:60,50:50,40:60,50:50,60:40,45:55,40:60,30:70,60:40,30:70,Yes
9/30/2023 9:06:57,Samus,High Level (I regularly make it out of pools in tournaments),Hausi,45:55,40:60,45:55,50:50,40:60,60:40,60:40,40:60,70:30,30:70,45:55,55:45,50:50,40:60,40:60,40:60,60:40,60:40,50:50,45:55,50:50,50:50,30:70,55:45,40:60,45:55,60:40,40:60,45:55,30:70,70:30,50:50,50:50,45:55,55:45,50:50,40:60,55:45,60:40,50:50,40:60,45:55,Yes
9/30/2023 9:52:59,Wolf,Intermediate (I have participated in multiple tournaments),ultradill,70:30,60:40,60:40,60:40,55:45,60:40,55:45,60:40,,60:40,55:45,60:40,70:30,60:40,60:40,60:40,55:45,60:40,60:40,50:50,55:45,50:50,55:45,55:45,60:40,,55:45,,60:40,45:55,55:45,60:40,50:50,60:40,55:45,55:45,55:45,50:50,50:50,,40:60,45:55,Yes
9/30/2023 10:15:55,Knuckles,Intermediate (I have participated in multiple tournaments),fr0g,70:30,55:45,,,,,,70:30,,,,,,,,,,30:70,,80:20,80:20,70:30,,,80:20,,,,,,,,,,,,,,70:30,,,,Yes
9/30/2023 10:22:05,Charizard,High Level (I regularly make it out of pools in tournaments),Noise,55:45,50:50,50:50,50:50,45:55,55:45,55:45,55:45,40:60,50:50,50:50,60:40,60:40,60:40,50:50,50:50,40:60,40:60,60:40,55:45,55:45,45:55,45:55,50:50,55:45,50:50,60:40,55:45,50:50,55:45,60:40,60:40,50:50,50:50,40:60,50:50,55:45,55:45,40:60,55:45,60:40,45:55,Yes
9/30/2023 10:31:03,Peach,High Level (I regularly make it out of pools in tournaments),G-Rabbit,70:30,50:50,45:55,40:60,55:45,50:50,45:55,55:45,70:30,30:70,45:55,40:60,60:40,60:40,45:55,40:60,60:40,40:60,50:50,50:50,40:60,45:55,40:60,40:60,50:50,45:55,50:50,55:45,55:45,60:40,55:45,60:40,50:50,50:50,40:60,55:45,30:70,55:45,50:50,60:40,45:55,40:60,Yes
9/30/2023 11:19:41,Samus,High Level (I regularly make it out of pools in tournaments),Noise,45:55,45:55,40:60,50:50,40:60,50:50,50:50,45:55,55:45,40:60,45:55,45:55,45:55,55:45,45:55,45:55,45:55,55:45,55:45,50:50,50:50,45:55,40:60,50:50,55:45,45:55,50:50,50:50,55:45,40:60,60:40,50:50,45:55,45:55,45:55,55:45,40:60,40:60,45:55,50:50,45:55,40:60,Yes
9/30/2023 11:49:38,Zelda,Intermediate (I have participated in multiple tournaments),Raze,50:50,40:60,45:55,45:55,45:55,50:50,55:45,45:55,70:30,45:55,45:55,55:45,55:45,50:50,45:55,45:55,45:55,45:55,50:50,55:45,30:70,45:55,50:50,50:50,50:50,55:45,55:45,45:55,50:50,45:55,45:55,55:45,45:55,55:45,45:55,50:50,50:50,45:55,50:50,55:45,50:50,40:60,Yes
9/30/2023 12:03:13,Peach,Intermediate (I have participated in multiple tournaments),Ricko/Chico Bonito,60:40,45:55,30:70,50:50,45:55,55:45,45:55,40:60,70:30,30:70,45:55,50:50,45:55,50:50,45:55,50:50,55:45,50:50,70:30,55:45,45:55,50:50,30:70,55:45,60:40,50:50,50:50,60:40,45:55,40:60,50:50,55:45,40:60,60:40,60:40,55:45,30:70,45:55,50:50,70:30,40:60,30:70,Yes
9/30/2023 12:43:06,Mr. Game and Watch,Intermediate (I have participated in multiple tournaments),Stutter Step Steven,70:30,55:45,45:55,,50:50,55:45,55:45,60:40,40:60,70:30,40:60,60:40,,,,30:70,,20:80,60:40,,45:55,40:60,,,,,,,30:70,,55:45,,60:40,,,40:60,30:70,,,45:55,60:40,60:40,Yes
9/30/2023 12:45:44,King Dedede,Intermediate (I have participated in multiple tournaments),Stutter Step Steven,70:30,45:55,,,55:45,,,60:40,,50:50,55:45,,,,,55:45,,30:70,60:40,,55:45,45:55,,,,,,,,,80:20,60:40,,,,,,,,80:20,70:30,,Yes
9/30/2023 12:51:44,Luigi,High Level (I regularly make it out of pools in tournaments),Strat,50:50,45:55,45:55,50:50,45:55,40:60,40:60,45:55,50:50,40:60,50:50,55:45,40:60,50:50,45:55,30:70,50:50,45:55,,55:45,40:60,30:70,30:70,40:60,45:55,45:55,50:50,45:55,45:55,40:60,40:60,50:50,45:55,50:50,45:55,45:55,40:60,50:50,40:60,50:50,45:55,45:55,Yes
9/30/2023 13:02:48,Roy,Intermediate (I have participated in multiple tournaments),rake,40:60,45:55,40:60,55:45,40:60,55:45,50:50,45:55,45:55,45:55,50:50,60:40,40:60,60:40,50:50,50:50,45:55,60:40,55:45,45:55,45:55,50:50,45:55,60:40,60:40,60:40,55:45,55:45,55:45,45:55,50:50,45:55,55:45,50:50,50:50,55:45,60:40,45:55,45:55,40:60,50:50,45:55,Yes
9/30/2023 13:19:35,Peach,Intermediate (I have participated in multiple tournaments),flakylayers,,50:50,40:60,,45:55,50:50,50:50,,70:30,30:70,45:55,,,,,40:60,,,,,45:55,,,,,,,,,50:50,60:40,55:45,50:50,,,40:60,40:60,,,,45:55,40:60,Yes
9/30/2023 13:30:00,Bowser,Top Player (I have won regional or larger sized tournaments),Nogh,50:50,40:60,40:60,55:45,40:60,60:40,60:40,40:60,30:70,40:60,30:70,60:40,50:50,45:55,40:60,45:55,40:60,45:55,60:40,40:60,45:55,45:55,55:45,60:40,50:50,45:55,60:40,55:45,60:40,40:60,70:30,60:40,45:55,55:45,40:60,40:60,45:55,40:60,55:45,55:45,60:40,40:60,Yes
9/30/2023 13:33:27,Donkey Kong,Top Player (I have won regional or larger sized tournaments),Nogh,60:40,45:55,40:60,60:40,50:50,60:40,60:40,60:40,30:70,45:55,45:55,60:40,60:40,55:45,45:55,60:40,45:55,55:45,70:30,40:60,60:40,55:45,55:45,60:40,60:40,60:40,60:40,60:40,60:40,55:45,70:30,60:40,55:45,60:40,40:60,60:40,60:40,50:50,55:45,60:40,60:40,45:55,Yes
9/30/2023 13:37:44,Ivysaur,Top Player (I have won regional or larger sized tournaments),Nogh,70:30,40:60,50:50,55:45,55:45,45:55,45:55,70:30,55:45,55:45,50:50,70:30,70:30,60:40,40:60,40:60,45:55,50:50,60:40,45:55,40:60,40:60,55:45,70:30,60:40,60:40,60:40,60:40,40:60,45:55,50:50,40:60,50:50,60:40,40:60,45:55,40:60,60:40,45:55,50:50,55:45,40:60,Yes
9/30/2023 13:41:27,Charizard,Top Player (I have won regional or larger sized tournaments),Nogh,60:40,55:45,50:50,55:45,60:40,60:40,60:40,60:40,30:70,50:50,50:50,70:30,60:40,55:45,40:60,55:45,40:60,45:55,60:40,40:60,60:40,40:60,55:45,60:40,55:45,55:45,70:30,60:40,50:50,60:40,70:30,60:40,55:45,60:40,40:60,45:55,45:55,45:55,50:50,60:40,60:40,40:60,Yes
9/30/2023 13:44:45,R.O.B.,Top Player (I have won regional or larger sized tournaments),Nogh,60:40,45:55,40:60,60:40,45:55,60:40,60:40,60:40,60:40,50:50,55:45,70:30,60:40,55:45,40:60,50:50,40:60,55:45,70:30,40:60,45:55,40:60,55:45,60:40,60:40,60:40,70:30,60:40,50:50,50:50,70:30,70:30,50:50,60:40,40:60,45:55,45:55,40:60,60:40,60:40,55:45,30:70,Yes
9/30/2023 13:47:36,Ike,High Level (I regularly make it out of pools in tournaments),tia,60:40,50:50,50:50,55:45,55:45,45:55,55:45,60:40,55:45,50:50,50:50,60:40,60:40,50:50,45:55,50:50,45:55,55:45,60:40,50:50,45:55,40:60,55:45,55:45,60:40,60:40,60:40,50:50,50:50,50:50,55:45,60:40,45:55,60:40,45:55,45:55,60:40,50:50,40:60,60:40,60:40,40:60,Yes
9/30/2023 13:47:56,Ganondorf,Top Player (I have won regional or larger sized tournaments),Nogh,60:40,40:60,40:60,55:45,40:60,55:45,50:50,50:50,45:55,40:60,30:70,60:40,60:40,45:55,40:60,55:45,40:60,50:50,60:40,45:55,40:60,45:55,60:40,60:40,55:45,40:60,60:40,55:45,45:55,40:60,60:40,60:40,45:55,60:40,40:60,40:60,45:55,40:60,45:55,55:45,55:45,40:60,Yes
9/30/2023 14:05:38,Snake,Intermediate (I have participated in multiple tournaments),LF DOOM,60:40,40:60,40:60,30:70,40:60,60:40,40:60,50:50,30:70,30:70,50:50,70:30,60:40,60:40,40:60,50:50,20:80,40:60,45:55,40:60,30:70,20:80,50:50,40:60,50:50,50:50,70:30,40:60,50:50,50:50,40:60,60:40,40:60,50:50,50:50,55:45,40:60,40:60,40:60,60:40,60:40,20:80,Yes
9/30/2023 14:43:22,Yoshi,Top Player (I have won regional or larger sized tournaments),Nogh,45:55,50:50,40:60,60:40,40:60,60:40,55:45,45:55,45:55,50:50,50:50,70:30,60:40,55:45,40:60,45:55,40:60,50:50,60:40,40:60,60:40,45:55,60:40,60:40,50:50,45:55,60:40,60:40,55:45,40:60,60:40,50:50,50:50,60:40,40:60,55:45,45:55,40:60,50:50,50:50,55:45,40:60,Yes
9/30/2023 15:24:01,Roy,Intermediate (I have participated in multiple tournaments),Theft,30:70,45:55,40:60,55:45,40:60,55:45,50:50,40:60,55:45,45:55,50:50,,40:60,50:50,45:55,45:55,45:55,60:40,50:50,50:50,45:55,50:50,40:60,60:40,60:40,,55:45,,50:50,45:55,50:50,45:55,50:50,40:60,45:55,,45:55,40:60,50:50,30:70,50:50,45:55,Yes
9/30/2023 18:34:00,Snake,High Level (I regularly make it out of pools in tournaments),EdgeVids,80:20,60:40,50:50,55:45,70:30,55:45,50:50,70:30,55:45,50:50,55:45,50:50,60:40,40:60,40:60,45:55,50:50,55:45,60:40,50:50,55:45,40:60,40:60,55:45,40:60,45:55,60:40,55:45,55:45,55:45,55:45,70:30,40:60,50:50,55:45,40:60,45:55,50:50,60:40,40:60,40:60,45:55,Yes
9/30/2023 19:26:57,Charizard,High Level (I regularly make it out of pools in tournaments),Tismatic,60:40,45:55,50:50,45:55,55:45,30:70,40:60,60:40,40:60,55:45,45:55,60:40,50:50,45:55,45:55,50:50,40:60,40:60,70:30,55:45,55:45,45:55,45:55,40:60,55:45,55:45,60:40,55:45,50:50,50:50,55:45,60:40,50:50,50:50,40:60,55:45,50:50,55:45,40:60,50:50,55:45,40:60,Yes
9/30/2023 21:58:43,Samus,High Level (I regularly make it out of pools in tournaments),Irish martini,45:55,45:55,40:60,55:45,40:60,55:45,45:55,50:50,50:50,45:55,50:50,45:55,45:55,50:50,45:55,50:50,45:55,45:55,50:50,45:55,45:55,40:60,45:55,50:50,50:50,50:50,45:55,45:55,45:55,40:60,60:40,50:50,50:50,45:55,45:55,60:40,40:60,45:55,50:50,45:55,50:50,45:55,Yes
9/30/2023 23:44:31,Snake,Top Player (I have won regional or larger sized tournaments),FlashingFire,70:30,50:50,50:50,40:60,60:40,40:60,40:60,55:45,60:40,50:50,45:55,50:50,70:30,50:50,50:50,40:60,55:45,55:45,55:45,45:55,45:55,45:55,40:60,50:50,50:50,40:60,60:40,55:45,45:55,55:45,55:45,50:50,40:60,50:50,55:45,50:50,40:60,50:50,45:55,60:40,45:55,50:50,Yes
10/1/2023 3:43:16,Charizard,High Level (I regularly make it out of pools in tournaments),JimmyC ( jimmyc on discord),,60:40,50:50,50:50,45:55,40:60,40:60,60:40,,55:45,30:70,,60:40,,60:40,40:60,40:60,40:60,,45:55,50:50,30:70,,40:60,60:40,,,,50:50,60:40,60:40,,40:60,55:45,30:70,,,60:40,20:80,40:60,60:40,20:80,Yes
10/1/2023 4:44:51,Kirby,High Level (I regularly make it out of pools in tournaments),SSK,55:45,45:55,,,40:60,45:55,30:70,50:50,45:55,,50:50,,,,,40:60,50:50,45:55,,45:55,50:50,45:55,40:60,45:55,50:50,50:50,50:50,,,,55:45,,55:45,50:50,45:55,50:50,,45:55,45:55,,,45:55,Yes
10/1/2023 11:18:15,Bowser,High Level (I regularly make it out of pools in tournaments),Chech,50:50,50:50,55:45,45:55,50:50,60:40,60:40,60:40,50:50,55:45,50:50,60:40,60:40,55:45,50:50,50:50,45:55,50:50,55:45,45:55,55:45,50:50,50:50,50:50,50:50,55:45,55:45,55:45,55:45,50:50,55:45,55:45,40:60,55:45,45:55,50:50,50:50,45:55,45:55,60:40,55:45,50:50,Yes
10/1/2023 11:40:31,Sonic,High Level (I regularly make it out of pools in tournaments),Pnut,70:30,50:50,55:45,55:45,60:40,50:50,40:60,60:40,40:60,55:45,55:45,60:40,70:30,60:40,50:50,55:45,50:50,45:55,55:45,40:60,50:50,45:55,55:45,60:40,55:45,55:45,60:40,50:50,60:40,60:40,60:40,55:45,50:50,50:50,50:50,60:40,60:40,60:40,50:50,60:40,60:40,50:50,Yes
10/1/2023 11:44:12,Knuckles,High Level (I regularly make it out of pools in tournaments),Pnut,55:45,50:50,55:45,50:50,50:50,50:50,45:55,60:40,40:60,55:45,50:50,70:30,60:40,60:40,50:50,50:50,50:50,50:50,60:40,50:50,40:60,50:50,50:50,60:40,60:40,55:45,60:40,55:45,60:40,55:45,50:50,60:40,50:50,60:40,50:50,60:40,55:45,55:45,45:55,55:45,60:40,50:50,Yes
10/1/2023 11:48:00,R.O.B.,High Level (I regularly make it out of pools in tournaments),Pnut,50:50,50:50,50:50,55:45,45:55,60:40,55:45,50:50,60:40,55:45,45:55,55:45,55:45,55:45,45:55,45:55,40:60,55:45,55:45,45:55,50:50,45:55,55:45,55:45,60:40,50:50,55:45,45:55,50:50,50:50,60:40,60:40,40:60,50:50,40:60,55:45,45:55,55:45,55:45,60:40,60:40,40:60,Yes
10/1/2023 12:00:34,Wolf,High Level (I regularly make it out of pools in tournaments),jhamp,55:45,55:45,60:40,60:40,55:45,55:45,55:45,60:40,55:45,50:50,60:40,55:45,55:45,60:40,55:45,60:40,55:45,60:40,60:40,55:45,50:50,55:45,50:50,60:40,55:45,55:45,50:50,55:45,55:45,50:50,60:40,60:40,55:45,60:40,55:45,60:40,60:40,50:50,50:50,55:45,50:50,55:45,Yes
10/1/2023 12:08:45,Pikachu,Top Player (I have won regional or larger sized tournaments),Tealz,45:55,55:45,50:50,50:50,45:55,40:60,40:60,60:40,50:50,45:55,55:45,50:50,55:45,50:50,55:45,40:60,50:50,45:55,50:50,45:55,45:55,40:60,50:50,55:45,55:45,55:45,45:55,50:50,45:55,50:50,55:45,45:55,40:60,50:50,50:50,50:50,45:55,50:50,45:55,50:50,55:45,45:55,Yes
10/1/2023 12:45:00,Toon Link,Intermediate (I have participated in multiple tournaments),erg's secondary toon link,60:40,40:60,55:45,45:55,55:45,30:70,30:70,60:40,60:40,50:50,55:45,80:20,55:45,70:30,50:50,50:50,40:60,45:55,70:30,45:55,45:55,55:45,60:40,60:40,60:40,50:50,60:40,45:55,50:50,45:55,45:55,60:40,40:60,50:50,40:60,55:45,50:50,55:45,45:55,55:45,70:30,40:60,Yes
10/1/2023 12:50:02,Falco,Intermediate (I have participated in multiple tournaments),erg's secondary falco,60:40,55:45,60:40,60:40,55:45,50:50,50:50,60:40,55:45,60:40,60:40,55:45,55:45,55:45,55:45,60:40,50:50,55:45,60:40,55:45,45:55,60:40,55:45,55:45,50:50,55:45,55:45,60:40,55:45,45:55,50:50,45:55,55:45,45:55,55:45,50:50,70:30,60:40,55:45,70:30,60:40,50:50,Yes
10/1/2023 12:57:09,Diddy Kong,Intermediate (I have participated in multiple tournaments),Mochaccino,60:40,55:45,60:40,50:50,40:60,55:45,45:55,60:40,45:55,60:40,55:45,60:40,60:40,60:40,45:55,55:45,40:60,60:40,60:40,45:55,40:60,50:50,40:60,50:50,55:45,50:50,40:60,60:40,60:40,50:50,55:45,40:60,40:60,60:40,55:45,55:45,60:40,50:50,45:55,45:55,55:45,45:55,Yes
10/1/2023 13:22:16,Luigi,High Level (I regularly make it out of pools in tournaments),Mangachu,45:55,40:60,45:55,40:60,40:60,45:55,45:55,45:55,60:40,30:70,50:50,45:55,40:60,50:50,45:55,40:60,50:50,50:50,50:50,50:50,20:80,30:70,40:60,50:50,55:45,40:60,50:50,55:45,50:50,45:55,50:50,50:50,40:60,60:40,55:45,50:50,40:60,50:50,40:60,55:45,55:45,60:40,Yes
10/1/2023 14:34:28,Diddy Kong,Top Player (I have won regional or larger sized tournaments),Blitz,60:40,50:50,55:45,50:50,50:50,45:55,45:55,55:45,55:45,50:50,55:45,60:40,60:40,55:45,55:45,55:45,55:45,50:50,55:45,50:50,45:55,45:55,45:55,55:45,55:45,50:50,55:45,55:45,55:45,50:50,55:45,55:45,45:55,55:45,50:50,55:45,55:45,55:45,40:60,55:45,60:40,50:50,Yes
10/1/2023 15:56:25,Kirby,Intermediate (I have participated in multiple tournaments),Graapefruit,,45:55,,,40:60,55:45,30:70,50:50,45:55,50:50,,50:50,,50:50,,40:60,,,,,40:60,40:60,30:70,,,,45:55,50:50,,,45:55,,50:50,,40:60,,,,30:70,40:60,,,Yes
10/1/2023 16:14:01,Jigglypuff,High Level (I regularly make it out of pools in tournaments),Simon381,50:50,45:55,40:60,,45:55,55:45,45:55,40:60,50:50,40:60,30:70,50:50,45:55,45:55,45:55,,,,,40:60,50:50,,40:60,40:60,,,60:40,,,,,,,,,,,,45:55,45:55,40:60,,Yes
10/1/2023 19:14:37,Ganondorf,Intermediate (I have participated in multiple tournaments),recordio_,45:55,45:55,50:50,40:60,45:55,50:50,40:60,50:50,60:40,50:50,45:55,70:30,55:45,40:60,40:60,45:55,45:55,40:60,60:40,50:50,50:50,45:55,60:40,70:30,45:55,45:55,50:50,55:45,55:45,50:50,50:50,60:40,40:60,50:50,40:60,30:70,45:55,50:50,40:60,70:30,60:40,40:60,Yes
10/1/2023 22:06:12,Ganondorf,Intermediate (I have participated in multiple tournaments),Buttsubushi,60:40,45:55,55:45,50:50,45:55,45:55,40:60,50:50,50:50,40:60,40:60,70:30,55:45,70:30,40:60,40:60,40:60,30:70,50:50,40:60,40:60,20:80,50:50,70:30,45:55,45:55,50:50,45:55,30:70,30:70,40:60,45:55,40:60,60:40,30:70,30:70,50:50,40:60,30:70,70:30,50:50,20:80,Yes